SimulationSecond,ReceiveRate,PacketsReceived,NumberOfSinks,RoutingProtocol,TransmissionPower,WavePktsSent,WavePtksReceived,WavePktsPpr,ExpectedWavePktsReceived,ExpectedWavePktsInCoverageReceived,BSM_PDR1,BSM_PDR2,BSM_PDR3,BSM_PDR4,BSM_PDR5,BSM_PDR6,BSM_PDR7,BSM_PDR8,BSM_PDR9,BSM_PDR10,MacPhyOverhead
0,0,0,10,protocol,7.5,0,0,0,0,0,0,0,0,0,0,0,0,0,0,0,0
1,0,0,10,protocol,7.5,0,0,0,0,0,0,0,0,0,0,0,0,0,0,0,1
2,0,0,10,protocol,7.5,300,5765,19.2167,948,819,0.863924,0.837772,0.806435,0.784363,0.766816,0.757431,0.737585,0.662644,0.662644,0.662644,0.253255
3,13.824,27,10,protocol,7.5,300,5915,19.7167,880,781,0.8875,0.837315,0.816242,0.798434,0.785934,0.778362,0.766771,0.679885,0.679885,0.679885,0.293038
4,16.384,32,10,protocol,7.5,300,5901,19.67,878,778,0.886105,0.848192,0.819375,0.797614,0.784446,0.774472,0.769634,0.678276,0.678276,0.678276,0.280058
